"key","z","x","y","areaIds","areaNames","west","east","south","north","targetPath"
"12/3420/1667","12","3420","1667","core-yushan-oldcity-shanghu","虞山-老城-尚湖核心区","120.58593750","120.67382813","31.65338140","31.72816715","public/map-tiles/changshu-demo/12/3420/1667.png"
"12/3420/1668","12","3420","1668","core-yushan-oldcity-shanghu","虞山-老城-尚湖核心区","120.58593750","120.67382813","31.57853543","31.65338140","public/map-tiles/changshu-demo/12/3420/1668.png"
"12/3421/1667","12","3421","1667","core-yushan-oldcity-shanghu","虞山-老城-尚湖核心区","120.67382813","120.76171875","31.65338140","31.72816715","public/map-tiles/changshu-demo/12/3421/1667.png"
"12/3421/1668","12","3421","1668","core-yushan-oldcity-shanghu","虞山-老城-尚湖核心区","120.67382813","120.76171875","31.57853543","31.65338140","public/map-tiles/changshu-demo/12/3421/1668.png"
"12/3422/1667","12","3422","1667","core-yushan-oldcity-shanghu","虞山-老城-尚湖核心区","120.76171875","120.84960938","31.65338140","31.72816715","public/map-tiles/changshu-demo/12/3422/1667.png"
"12/3422/1668","12","3422","1668","core-yushan-oldcity-shanghu","虞山-老城-尚湖核心区","120.76171875","120.84960938","31.57853543","31.65338140","public/map-tiles/changshu-demo/12/3422/1668.png"
"12/3423/1667","12","3423","1667","guli-ancient-town","古里古镇","120.84960938","120.93750000","31.65338140","31.72816715","public/map-tiles/changshu-demo/12/3423/1667.png"
"12/3423/1668","12","3423","1668","guli-ancient-town","古里古镇","120.84960938","120.93750000","31.57853543","31.65338140","public/map-tiles/changshu-demo/12/3423/1668.png"
"13/6841/3335","13","6841","3335","core-yushan-oldcity-shanghu","虞山-老城-尚湖核心区","120.62988281","120.67382813","31.65338140","31.69078181","public/map-tiles/changshu-demo/13/6841/3335.png"
"13/6841/3336","13","6841","3336","core-yushan-oldcity-shanghu","虞山-老城-尚湖核心区","120.62988281","120.67382813","31.61596594","31.65338140","public/map-tiles/changshu-demo/13/6841/3336.png"
"13/6841/3337","13","6841","3337","core-yushan-oldcity-shanghu","虞山-老城-尚湖核心区","120.62988281","120.67382813","31.57853543","31.61596594","public/map-tiles/changshu-demo/13/6841/3337.png"
"13/6842/3335","13","6842","3335","core-yushan-oldcity-shanghu","虞山-老城-尚湖核心区","120.67382813","120.71777344","31.65338140","31.69078181","public/map-tiles/changshu-demo/13/6842/3335.png"
"13/6842/3336","13","6842","3336","core-yushan-oldcity-shanghu","虞山-老城-尚湖核心区","120.67382813","120.71777344","31.61596594","31.65338140","public/map-tiles/changshu-demo/13/6842/3336.png"
"13/6842/3337","13","6842","3337","core-yushan-oldcity-shanghu","虞山-老城-尚湖核心区","120.67382813","120.71777344","31.57853543","31.61596594","public/map-tiles/changshu-demo/13/6842/3337.png"
"13/6843/3335","13","6843","3335","core-yushan-oldcity-shanghu","虞山-老城-尚湖核心区","120.71777344","120.76171875","31.65338140","31.69078181","public/map-tiles/changshu-demo/13/6843/3335.png"
"13/6843/3336","13","6843","3336","core-yushan-oldcity-shanghu","虞山-老城-尚湖核心区","120.71777344","120.76171875","31.61596594","31.65338140","public/map-tiles/changshu-demo/13/6843/3336.png"
"13/6843/3337","13","6843","3337","core-yushan-oldcity-shanghu","虞山-老城-尚湖核心区","120.71777344","120.76171875","31.57853543","31.61596594","public/map-tiles/changshu-demo/13/6843/3337.png"
"13/6844/3335","13","6844","3335","core-yushan-oldcity-shanghu","虞山-老城-尚湖核心区","120.76171875","120.80566406","31.65338140","31.69078181","public/map-tiles/changshu-demo/13/6844/3335.png"
"13/6844/3336","13","6844","3336","core-yushan-oldcity-shanghu","虞山-老城-尚湖核心区","120.76171875","120.80566406","31.61596594","31.65338140","public/map-tiles/changshu-demo/13/6844/3336.png"
"13/6844/3337","13","6844","3337","core-yushan-oldcity-shanghu","虞山-老城-尚湖核心区","120.76171875","120.80566406","31.57853543","31.61596594","public/map-tiles/changshu-demo/13/6844/3337.png"
"13/6846/3335","13","6846","3335","guli-ancient-town","古里古镇","120.84960938","120.89355469","31.65338140","31.69078181","public/map-tiles/changshu-demo/13/6846/3335.png"
"13/6846/3336","13","6846","3336","guli-ancient-town","古里古镇","120.84960938","120.89355469","31.61596594","31.65338140","public/map-tiles/changshu-demo/13/6846/3336.png"
"13/6847/3335","13","6847","3335","guli-ancient-town","古里古镇","120.89355469","120.93750000","31.65338140","31.69078181","public/map-tiles/changshu-demo/13/6847/3335.png"
"13/6847/3336","13","6847","3336","guli-ancient-town","古里古镇","120.89355469","120.93750000","31.61596594","31.65338140","public/map-tiles/changshu-demo/13/6847/3336.png"
"14/13683/6670","14","13683","6670","core-yushan-oldcity-shanghu","虞山-老城-尚湖核心区","120.65185547","120.67382813","31.67208349","31.69078181","public/map-tiles/changshu-demo/14/13683/6670.png"
"14/13683/6671","14","13683","6671","core-yushan-oldcity-shanghu","虞山-老城-尚湖核心区","120.65185547","120.67382813","31.65338140","31.67208349","public/map-tiles/changshu-demo/14/13683/6671.png"
"14/13683/6672","14","13683","6672","core-yushan-oldcity-shanghu","虞山-老城-尚湖核心区","120.65185547","120.67382813","31.63467555","31.65338140","public/map-tiles/changshu-demo/14/13683/6672.png"
"14/13683/6673","14","13683","6673","core-yushan-oldcity-shanghu","虞山-老城-尚湖核心区","120.65185547","120.67382813","31.61596594","31.63467555","public/map-tiles/changshu-demo/14/13683/6673.png"
"14/13683/6674","14","13683","6674","core-yushan-oldcity-shanghu","虞山-老城-尚湖核心区","120.65185547","120.67382813","31.59725256","31.61596594","public/map-tiles/changshu-demo/14/13683/6674.png"
"14/13683/6675","14","13683","6675","core-yushan-oldcity-shanghu","虞山-老城-尚湖核心区","120.65185547","120.67382813","31.57853543","31.59725256","public/map-tiles/changshu-demo/14/13683/6675.png"
"14/13684/6670","14","13684","6670","core-yushan-oldcity-shanghu","虞山-老城-尚湖核心区","120.67382813","120.69580078","31.67208349","31.69078181","public/map-tiles/changshu-demo/14/13684/6670.png"
"14/13684/6671","14","13684","6671","core-yushan-oldcity-shanghu","虞山-老城-尚湖核心区","120.67382813","120.69580078","31.65338140","31.67208349","public/map-tiles/changshu-demo/14/13684/6671.png"
"14/13684/6672","14","13684","6672","core-yushan-oldcity-shanghu","虞山-老城-尚湖核心区","120.67382813","120.69580078","31.63467555","31.65338140","public/map-tiles/changshu-demo/14/13684/6672.png"
"14/13684/6673","14","13684","6673","core-yushan-oldcity-shanghu","虞山-老城-尚湖核心区","120.67382813","120.69580078","31.61596594","31.63467555","public/map-tiles/changshu-demo/14/13684/6673.png"
"14/13684/6674","14","13684","6674","core-yushan-oldcity-shanghu","虞山-老城-尚湖核心区","120.67382813","120.69580078","31.59725256","31.61596594","public/map-tiles/changshu-demo/14/13684/6674.png"
"14/13684/6675","14","13684","6675","core-yushan-oldcity-shanghu","虞山-老城-尚湖核心区","120.67382813","120.69580078","31.57853543","31.59725256","public/map-tiles/changshu-demo/14/13684/6675.png"
"14/13685/6670","14","13685","6670","core-yushan-oldcity-shanghu","虞山-老城-尚湖核心区","120.69580078","120.71777344","31.67208349","31.69078181","public/map-tiles/changshu-demo/14/13685/6670.png"
"14/13685/6671","14","13685","6671","core-yushan-oldcity-shanghu","虞山-老城-尚湖核心区","120.69580078","120.71777344","31.65338140","31.67208349","public/map-tiles/changshu-demo/14/13685/6671.png"
"14/13685/6672","14","13685","6672","core-yushan-oldcity-shanghu","虞山-老城-尚湖核心区","120.69580078","120.71777344","31.63467555","31.65338140","public/map-tiles/changshu-demo/14/13685/6672.png"
"14/13685/6673","14","13685","6673","core-yushan-oldcity-shanghu","虞山-老城-尚湖核心区","120.69580078","120.71777344","31.61596594","31.63467555","public/map-tiles/changshu-demo/14/13685/6673.png"
"14/13685/6674","14","13685","6674","core-yushan-oldcity-shanghu","虞山-老城-尚湖核心区","120.69580078","120.71777344","31.59725256","31.61596594","public/map-tiles/changshu-demo/14/13685/6674.png"
"14/13685/6675","14","13685","6675","core-yushan-oldcity-shanghu","虞山-老城-尚湖核心区","120.69580078","120.71777344","31.57853543","31.59725256","public/map-tiles/changshu-demo/14/13685/6675.png"
"14/13686/6670","14","13686","6670","core-yushan-oldcity-shanghu","虞山-老城-尚湖核心区","120.71777344","120.73974609","31.67208349","31.69078181","public/map-tiles/changshu-demo/14/13686/6670.png"
"14/13686/6671","14","13686","6671","core-yushan-oldcity-shanghu","虞山-老城-尚湖核心区","120.71777344","120.73974609","31.65338140","31.67208349","public/map-tiles/changshu-demo/14/13686/6671.png"
"14/13686/6672","14","13686","6672","core-yushan-oldcity-shanghu","虞山-老城-尚湖核心区","120.71777344","120.73974609","31.63467555","31.65338140","public/map-tiles/changshu-demo/14/13686/6672.png"
"14/13686/6673","14","13686","6673","core-yushan-oldcity-shanghu","虞山-老城-尚湖核心区","120.71777344","120.73974609","31.61596594","31.63467555","public/map-tiles/changshu-demo/14/13686/6673.png"
"14/13686/6674","14","13686","6674","core-yushan-oldcity-shanghu","虞山-老城-尚湖核心区","120.71777344","120.73974609","31.59725256","31.61596594","public/map-tiles/changshu-demo/14/13686/6674.png"
"14/13686/6675","14","13686","6675","core-yushan-oldcity-shanghu","虞山-老城-尚湖核心区","120.71777344","120.73974609","31.57853543","31.59725256","public/map-tiles/changshu-demo/14/13686/6675.png"
"14/13687/6670","14","13687","6670","core-yushan-oldcity-shanghu","虞山-老城-尚湖核心区","120.73974609","120.76171875","31.67208349","31.69078181","public/map-tiles/changshu-demo/14/13687/6670.png"
"14/13687/6671","14","13687","6671","core-yushan-oldcity-shanghu","虞山-老城-尚湖核心区","120.73974609","120.76171875","31.65338140","31.67208349","public/map-tiles/changshu-demo/14/13687/6671.png"
"14/13687/6672","14","13687","6672","core-yushan-oldcity-shanghu","虞山-老城-尚湖核心区","120.73974609","120.76171875","31.63467555","31.65338140","public/map-tiles/changshu-demo/14/13687/6672.png"
"14/13687/6673","14","13687","6673","core-yushan-oldcity-shanghu","虞山-老城-尚湖核心区","120.73974609","120.76171875","31.61596594","31.63467555","public/map-tiles/changshu-demo/14/13687/6673.png"
"14/13687/6674","14","13687","6674","core-yushan-oldcity-shanghu","虞山-老城-尚湖核心区","120.73974609","120.76171875","31.59725256","31.61596594","public/map-tiles/changshu-demo/14/13687/6674.png"
"14/13687/6675","14","13687","6675","core-yushan-oldcity-shanghu","虞山-老城-尚湖核心区","120.73974609","120.76171875","31.57853543","31.59725256","public/map-tiles/changshu-demo/14/13687/6675.png"
"14/13688/6670","14","13688","6670","core-yushan-oldcity-shanghu","虞山-老城-尚湖核心区","120.76171875","120.78369141","31.67208349","31.69078181","public/map-tiles/changshu-demo/14/13688/6670.png"
"14/13688/6671","14","13688","6671","core-yushan-oldcity-shanghu","虞山-老城-尚湖核心区","120.76171875","120.78369141","31.65338140","31.67208349","public/map-tiles/changshu-demo/14/13688/6671.png"
"14/13688/6672","14","13688","6672","core-yushan-oldcity-shanghu","虞山-老城-尚湖核心区","120.76171875","120.78369141","31.63467555","31.65338140","public/map-tiles/changshu-demo/14/13688/6672.png"
"14/13688/6673","14","13688","6673","core-yushan-oldcity-shanghu","虞山-老城-尚湖核心区","120.76171875","120.78369141","31.61596594","31.63467555","public/map-tiles/changshu-demo/14/13688/6673.png"
"14/13688/6674","14","13688","6674","core-yushan-oldcity-shanghu","虞山-老城-尚湖核心区","120.76171875","120.78369141","31.59725256","31.61596594","public/map-tiles/changshu-demo/14/13688/6674.png"
"14/13688/6675","14","13688","6675","core-yushan-oldcity-shanghu","虞山-老城-尚湖核心区","120.76171875","120.78369141","31.57853543","31.59725256","public/map-tiles/changshu-demo/14/13688/6675.png"
"14/13689/6670","14","13689","6670","core-yushan-oldcity-shanghu","虞山-老城-尚湖核心区","120.78369141","120.80566406","31.67208349","31.69078181","public/map-tiles/changshu-demo/14/13689/6670.png"
"14/13689/6671","14","13689","6671","core-yushan-oldcity-shanghu","虞山-老城-尚湖核心区","120.78369141","120.80566406","31.65338140","31.67208349","public/map-tiles/changshu-demo/14/13689/6671.png"
"14/13689/6672","14","13689","6672","core-yushan-oldcity-shanghu","虞山-老城-尚湖核心区","120.78369141","120.80566406","31.63467555","31.65338140","public/map-tiles/changshu-demo/14/13689/6672.png"
"14/13689/6673","14","13689","6673","core-yushan-oldcity-shanghu","虞山-老城-尚湖核心区","120.78369141","120.80566406","31.61596594","31.63467555","public/map-tiles/changshu-demo/14/13689/6673.png"
"14/13689/6674","14","13689","6674","core-yushan-oldcity-shanghu","虞山-老城-尚湖核心区","120.78369141","120.80566406","31.59725256","31.61596594","public/map-tiles/changshu-demo/14/13689/6674.png"
"14/13689/6675","14","13689","6675","core-yushan-oldcity-shanghu","虞山-老城-尚湖核心区","120.78369141","120.80566406","31.57853543","31.59725256","public/map-tiles/changshu-demo/14/13689/6675.png"
"14/13692/6671","14","13692","6671","guli-ancient-town","古里古镇","120.84960938","120.87158203","31.65338140","31.67208349","public/map-tiles/changshu-demo/14/13692/6671.png"
"14/13692/6672","14","13692","6672","guli-ancient-town","古里古镇","120.84960938","120.87158203","31.63467555","31.65338140","public/map-tiles/changshu-demo/14/13692/6672.png"
"14/13692/6673","14","13692","6673","guli-ancient-town","古里古镇","120.84960938","120.87158203","31.61596594","31.63467555","public/map-tiles/changshu-demo/14/13692/6673.png"
"14/13693/6671","14","13693","6671","guli-ancient-town","古里古镇","120.87158203","120.89355469","31.65338140","31.67208349","public/map-tiles/changshu-demo/14/13693/6671.png"
"14/13693/6672","14","13693","6672","guli-ancient-town","古里古镇","120.87158203","120.89355469","31.63467555","31.65338140","public/map-tiles/changshu-demo/14/13693/6672.png"
"14/13693/6673","14","13693","6673","guli-ancient-town","古里古镇","120.87158203","120.89355469","31.61596594","31.63467555","public/map-tiles/changshu-demo/14/13693/6673.png"
"14/13694/6671","14","13694","6671","guli-ancient-town","古里古镇","120.89355469","120.91552734","31.65338140","31.67208349","public/map-tiles/changshu-demo/14/13694/6671.png"
"14/13694/6672","14","13694","6672","guli-ancient-town","古里古镇","120.89355469","120.91552734","31.63467555","31.65338140","public/map-tiles/changshu-demo/14/13694/6672.png"
"14/13694/6673","14","13694","6673","guli-ancient-town","古里古镇","120.89355469","120.91552734","31.61596594","31.63467555","public/map-tiles/changshu-demo/14/13694/6673.png"
